titles,images,prices,ratings,purls
VINCENT CHASE EYEWEAR,https://m.media-amazon.com/images/I/41DjZNun3nL._AC_UL320_.jpg,₹891,4.1,
John Jacobs,https://m.media-amazon.com/images/I/511RXyYUGqL._AC_UL320_.jpg,"₹1,499",3.9,
Dervin,https://m.media-amazon.com/images/I/51hVf+IEFkL._AC_UL320_.jpg,₹420,4.5,
John Jacobs,https://m.media-amazon.com/images/I/51oJQP1it0L._AC_UL320_.jpg,"₹1,499",4.0,
VINCENT CHASE EYEWEAR,https://m.media-amazon.com/images/I/41Dr9I4x1EL._AC_UL320_.jpg,₹799,4.1,
EFERMONE,https://m.media-amazon.com/images/I/61NeoF8ZM3L._AC_UL320_.jpg,₹425,4.8,
Fastrack,https://m.media-amazon.com/images/I/61+THk53YIL._AC_UL320_.jpg,₹669,4.0,
VINCENT CHASE EYEWEAR,https://m.media-amazon.com/images/I/41KML+1HubL._AC_UL320_.jpg,₹944,4.1,
CREEK,https://m.media-amazon.com/images/I/51rvx+pOC4L._AC_UL320_.jpg,₹445,4.2,
Fastrack,https://m.media-amazon.com/images/I/61xbGkFmwvL._AC_UL320_.jpg,₹829,4.0,
BowieMall,https://m.media-amazon.com/images/I/51L7yD976wL._AC_UL320_.jpg,₹188,4.0,
IFLASH,https://m.media-amazon.com/images/I/515DtL0icvL._AC_UL320_.jpg,₹208,3.6,
Fastrack,https://m.media-amazon.com/images/I/513Dbd97tKL._AC_UL320_.jpg,₹509,4.0,
KAEN EYEWEAR,https://m.media-amazon.com/images/I/51o-pCMiFgL._AC_UL320_.jpg,₹599,4.8,
VINCENT CHASE EYEWEAR,https://m.media-amazon.com/images/I/51I4L9BeazL._AC_UL320_.jpg,₹899,4.0,
Dervin,https://m.media-amazon.com/images/I/41TGcxLh9eL._AC_UL320_.jpg,₹349,3.8,
VINCENT CHASE EYEWEAR,https://m.media-amazon.com/images/I/411s0UWkwwL._AC_UL320_.jpg,₹891,4.1,
VINCENT CHASE EYEWEAR,https://m.media-amazon.com/images/I/514N5MTfz+L._AC_UL320_.jpg,"₹1,049",4.9,
Ray-Ban,https://m.media-amazon.com/images/I/51MpYIaVhCL._AC_UL320_.jpg,"₹7,458",4.4,
Voyage,https://m.media-amazon.com/images/I/51fNP30HB0L._AC_UL320_.jpg,₹680,4.1,
Voyage,https://m.media-amazon.com/images/I/51wXG6n2mOL._AC_UL320_.jpg,₹749,4.3,
grey jack,https://m.media-amazon.com/images/I/41NWBr4w-zL._AC_UL320_.jpg,"₹1,365",3.4,
Peter Jones,https://m.media-amazon.com/images/I/51YkRJbTqqL._AC_UL320_.jpg,₹630,3.9,
Eyewearlabs,https://m.media-amazon.com/images/I/51J+AZ2ZE0L._AC_UL320_.jpg,"₹2,499",4.1,
Dervin,https://m.media-amazon.com/images/I/51z0qqkdApL._AC_UL320_.jpg,₹550,4.0,
VINCENT CHASE EYEWEAR,https://m.media-amazon.com/images/I/41c9btM-x+L._AC_UL320_.jpg,₹999,4.0,
HAZON,https://m.media-amazon.com/images/I/51PhcgtOWNL._AC_UL320_.jpg,₹448,3.9,
Ray-Ban,https://m.media-amazon.com/images/I/51wYybFYyeL._AC_UL320_.jpg,"₹7,743",3.8,
CREATURE,https://m.media-amazon.com/images/I/51Z+82yuJgL._AC_UL320_.jpg,₹349,3.7,
Ray-Ban,https://m.media-amazon.com/images/I/51TcdEx-SbL._AC_UL320_.jpg,"₹13,032",4.4,
CAPITEUM,https://m.media-amazon.com/images/I/51fEbomTHeL._AC_UL320_.jpg,₹192,4.0,
Ray-Ban,https://m.media-amazon.com/images/I/516TkUq59NL._AC_UL320_.jpg,"₹6,392",3.9,
VINCENT CHASE EYEWEAR,https://m.media-amazon.com/images/I/41-WAUcPCwL._AC_UL320_.jpg,₹899,4.2,
Ray-Ban,https://m.media-amazon.com/images/I/41WWfdm+AsL._AC_UL320_.jpg,"₹4,602",3.8,
HAZON,https://m.media-amazon.com/images/I/51n1-tDHpFL._AC_UL320_.jpg,₹450,3.8,
CREATURE,https://m.media-amazon.com/images/I/41STApZizVL._AC_UL320_.jpg,₹347,4.3,
ROYAL SON,https://m.media-amazon.com/images/I/61ebHG7ezaL._AC_UL320_.jpg,₹425,3.8,
Dervin,https://m.media-amazon.com/images/I/41yqM8NP0qL._AC_UL320_.jpg,₹349,4.2,
Ray-Ban,https://m.media-amazon.com/images/I/51FqKqAu8uL._AC_UL320_.jpg,"₹7,656",3.5,
Eyewearlabs,https://m.media-amazon.com/images/I/51+00yVlomL._AC_UL320_.jpg,₹749,4.4,
VINCENT CHASE EYEWEAR,https://m.media-amazon.com/images/I/41EfF577LQL._AC_UL320_.jpg,₹944,4.0,
Dervin,https://m.media-amazon.com/images/I/714jrL5yoIL._AC_UL320_.jpg,₹432,3.9,
HASHTAG EYEWEAR,https://m.media-amazon.com/images/I/41WgijkDTjL._AC_UL320_.jpg,₹449,4.6,
Ray-Ban,https://m.media-amazon.com/images/I/418hmV0lLRL._AC_UL320_.jpg,"₹8,009",3.8,
CREEK,https://m.media-amazon.com/images/I/51LFC9WMeGL._AC_UL320_.jpg,₹474,4.3,
VINCENT CHASE EYEWEAR,https://m.media-amazon.com/images/I/41KyVDIC0YL._AC_UL320_.jpg,₹899,4.0,
ARZONAI,https://m.media-amazon.com/images/I/31NvXL-aMrL._AC_UL320_.jpg,₹199,3.1,
Voyage,https://m.media-amazon.com/images/I/61Z0G4w2Q7L._AC_UL320_.jpg,₹923,4.0,
VINCENT CHASE EYEWEAR,https://m.media-amazon.com/images/I/51Wu-rwzWdS._AC_UL320_.jpg,₹849,4.2,
Fastrack,https://m.media-amazon.com/images/I/61scPSZqeQL._AC_UL320_.jpg,"₹1,199",3.9,
CREATURE,https://m.media-amazon.com/images/I/71CxtNKeTlL._AC_UL320_.jpg,₹389,3.8,
Tommy Hilfiger,https://m.media-amazon.com/images/I/512xZ-ysjYL._AC_UL320_.jpg,"₹3,959",4.2,
Fastrack,https://m.media-amazon.com/images/I/512qhkOQWmL._AC_UL320_.jpg,₹974,4.0,
Fastrack,https://m.media-amazon.com/images/I/81GtbybTCoL._AC_UL320_.jpg,₹839,4.2,
Dervin,https://m.media-amazon.com/images/I/51hVf+IEFkL._AC_UL320_.jpg,₹420,4.5,
VINCENT CHASE EYEWEAR,https://m.media-amazon.com/images/I/41wUK02aRpS._AC_UL320_.jpg,₹749,4.3,
mashamart,https://m.media-amazon.com/images/I/512-zums5FL._AC_UL320_.jpg,₹417,3.4,
OPTICSFIT,https://m.media-amazon.com/images/I/41NEiU0c1lL._AC_UL320_.jpg,₹299,4.3,
grey jack,https://m.media-amazon.com/images/I/41fZhVTUuAL._AC_UL320_.jpg,₹769,3.8,
Voyage,https://m.media-amazon.com/images/I/51CIsG8w6lL._AC_UL320_.jpg,₹665,4.1,
VINCENT CHASE EYEWEAR,https://m.media-amazon.com/images/I/41DjZNun3nL._AC_UL320_.jpg,₹891,4.1,
Joox,https://m.media-amazon.com/images/I/51HMB91HXYL._AC_UL320_.jpg,₹699,4.2,
ENRICO,https://m.media-amazon.com/images/I/514a-kMMqOL._AC_UL320_.jpg,₹849,3.4,
ROYAL SON,https://m.media-amazon.com/images/I/61bBEJ+UQyL._AC_UL320_.jpg,₹635.,4.3,
ELEGANTE,https://m.media-amazon.com/images/I/31EZQ8xkKnL._AC_UL320_.jpg,₹356,3.5,
Fastrack,https://m.media-amazon.com/images/I/41NqV69McEL._AC_UL320_.jpg,₹849,4.0,
Eyewearlabs,https://m.media-amazon.com/images/I/51J4AI6snwL._AC_UL320_.jpg,₹664,4.6,
Fastrack,https://m.media-amazon.com/images/I/512FZYKLB7L._AC_UL320_.jpg,₹929,3.8,
Fastrack,https://m.media-amazon.com/images/I/61vgaLSTdJL._AC_UL320_.jpg,₹669,3.9,
Dervin,https://m.media-amazon.com/images/I/51gC4waUH0L._AC_UL320_.jpg,₹349,3.7,
VINCENT CHASE EYEWEAR,https://m.media-amazon.com/images/I/51zVpFSM18L._AC_UL320_.jpg,₹899,4.2,
VINCENT CHASE EYEWEAR,https://m.media-amazon.com/images/I/41jtH4EZ78L._AC_UL320_.jpg,₹996,4.2,
VINCENT CHASE EYEWEAR,https://m.media-amazon.com/images/I/5109wYL0YEL._AC_UL320_.jpg,"₹1,049",4.2,
VINCENT CHASE EYEWEAR,https://m.media-amazon.com/images/I/41xXYvjCdyL._AC_UL320_.jpg,₹999,4.2,
VINCENT CHASE EYEWEAR,https://m.media-amazon.com/images/I/51LG0jMr9LL._AC_UL320_.jpg,₹749,4.1,
VINCENT CHASE EYEWEAR,https://m.media-amazon.com/images/I/51ceM9++X3L._AC_UL320_.jpg,₹799,4.1,
Eyewearlabs,https://m.media-amazon.com/images/I/51frBwUm0eL._AC_UL320_.jpg,₹749,4.5,
Ray-Ban,https://m.media-amazon.com/images/I/51bpbxgNR8L._AC_UL320_.jpg,"₹6,789",3.7,
Fastrack,https://m.media-amazon.com/images/I/61HkVcDrsGL._AC_UL320_.jpg,₹849,3.9,
VINCENT CHASE EYEWEAR,https://m.media-amazon.com/images/I/51WG+AeRnkL._AC_UL320_.jpg,"₹1,049",5.0,
ROYAL SON,https://m.media-amazon.com/images/I/71y4knn2IaL._AC_UL320_.jpg,"₹1,141",3.8,
Black Jones,https://m.media-amazon.com/images/I/51cz1uRxxDL._AC_UL320_.jpg,₹448,3.7,
OPTICSFIT,https://m.media-amazon.com/images/I/41R7rICSeNL._AC_UL320_.jpg,₹529,4.1,
Black Jones,https://m.media-amazon.com/images/I/51r1cibJWNL._AC_UL320_.jpg,₹359,3.6,
Eyewearlabs,https://m.media-amazon.com/images/I/51VcfCiqkmL._AC_UL320_.jpg,₹699,4.0,
Dervin,https://m.media-amazon.com/images/I/51-Pi5QloDL._AC_UL320_.jpg,₹349,4.1,
HASHTAG EYEWEAR,https://m.media-amazon.com/images/I/519WgKdNiKL._AC_UL320_.jpg,₹449,4.3,
ROYAL SON,https://m.media-amazon.com/images/I/612UdT4oMTL._AC_UL320_.jpg,₹349,3.6,
Dervin,https://m.media-amazon.com/images/I/51qutPZnIYL._AC_UL320_.jpg,₹799,4.6,
FEISEDY,https://m.media-amazon.com/images/I/71+uqawTxTL._AC_UL320_.jpg,"₹1,273",4.1,
John Jacobs,https://m.media-amazon.com/images/I/51oJQP1it0L._AC_UL320_.jpg,"₹1,499",4.0,
Dervin,https://m.media-amazon.com/images/I/51Eej1MhyKL._AC_UL320_.jpg,₹439,4.0,
VINCENT CHASE EYEWEAR,https://m.media-amazon.com/images/I/51ta8RJ5LZL._AC_UL320_.jpg,₹749,3.9,
ARZONAI,https://m.media-amazon.com/images/I/61MAVrBEbuL._AC_UL320_.jpg,₹216,2.7,
4Flaunt,https://m.media-amazon.com/images/I/51MQBPGurAL._AC_UL320_.jpg,₹449,4.5,
VINCENT CHASE EYEWEAR,https://m.media-amazon.com/images/I/51AQJ0RT0wL._AC_UL320_.jpg,₹799,4.1,
ROYAL SON,https://m.media-amazon.com/images/I/51H-tvM3NDL._AC_UL320_.jpg,₹567,4.1,
VINCENT CHASE EYEWEAR,https://m.media-amazon.com/images/I/41jB4N8G4ML._AC_UL320_.jpg,₹799,4.3,
VINCENT CHASE EYEWEAR,https://m.media-amazon.com/images/I/41jgkIKvyVS._AC_UL320_.jpg,₹899,4.4,
Fastrack,https://m.media-amazon.com/images/I/514WYHPuqKL._AC_UL320_.jpg,"₹1,207",4.1,
Dervin,https://m.media-amazon.com/images/I/5133qEF+xgL._AC_UL320_.jpg,₹349,4.3,
Silver Kartz,https://m.media-amazon.com/images/I/61L5Qm8jJWL._AC_UL320_.jpg,₹349,3.4,
Voyage,https://m.media-amazon.com/images/I/61EOCGs9+OL._AC_UL320_.jpg,₹796,4.1,
Fastrack,https://m.media-amazon.com/images/I/71cNSyeFj0L._AC_UL320_.jpg,"₹1,518",3.8,
Ray-Ban,https://m.media-amazon.com/images/I/51CFEkGstrL._AC_UL320_.jpg,"₹8,152",3.7,
Tommy Hilfiger,https://m.media-amazon.com/images/I/51VOmz77KdL._AC_UL320_.jpg,"₹3,959",4.5,
HAZON,https://m.media-amazon.com/images/I/61bd1yAaWQL._AC_UL320_.jpg,₹348,5.0,
Ray-Ban,https://m.media-amazon.com/images/I/513WJCZU1UL._AC_UL320_.jpg,"₹6,275",3.9,
Dervin,https://m.media-amazon.com/images/I/41H3tY+LipL._AC_UL320_.jpg,₹349,4.0,
CREATURE,https://m.media-amazon.com/images/I/61AX6WRwTpL._AC_UL320_.jpg,₹349,3.7,
Ray-Ban,https://m.media-amazon.com/images/I/51u8EcKDqvL._AC_UL320_.jpg,"₹9,432",4.3,
VINCENT CHASE EYEWEAR,https://m.media-amazon.com/images/I/51GPOBw8GIL._AC_UL320_.jpg,₹996,3.9,
John Jacobs,https://m.media-amazon.com/images/I/51DjgYX6WWL._AC_UL320_.jpg,"₹1,799",3.9,
VINCENT CHASE EYEWEAR,https://m.media-amazon.com/images/I/41ELts8CM9S._AC_UL320_.jpg,₹619,3.9,
Fastrack,https://m.media-amazon.com/images/I/71CJCIJEIqL._AC_UL320_.jpg,₹849,3.9,
Ray-Ban,https://m.media-amazon.com/images/I/41hJlCRaB+L._AC_UL320_.jpg,"₹8,890",4.1,
OPTICSFIT,https://m.media-amazon.com/images/I/41NEiU0c1lL._AC_UL320_.jpg,₹299,4.3,
ENRICO,https://m.media-amazon.com/images/I/51ov10cD7RL._AC_UL320_.jpg,₹849,4.0,
HASHTAG EYEWEAR,https://m.media-amazon.com/images/I/51kSHIFCfuL._AC_UL320_.jpg,₹499,4.3,
Black Jones,https://m.media-amazon.com/images/I/31DMEbiyvzL._AC_UL320_.jpg,₹449,2.9,
Heega Choice of Champion,https://m.media-amazon.com/images/I/31ZepZCzf6L._AC_UL320_.jpg,₹549,,
Creamily,https://m.media-amazon.com/images/I/51B7Tf1q4nL._AC_UL320_.jpg,₹998,,
Aferelle,https://m.media-amazon.com/images/I/61KaYsHWbmL._AC_UL320_.jpg,₹499,4.8,
OPTICSFIT,https://m.media-amazon.com/images/I/41wgyNXX7aL._AC_UL320_.jpg,₹569,4.1,
VINCENT CHASE EYEWEAR,https://m.media-amazon.com/images/I/51cx2tw0YeS._AC_UL320_.jpg,₹891,4.1,
Voyage,https://m.media-amazon.com/images/I/51CIsG8w6lL._AC_UL320_.jpg,₹665,4.0,
Ray-Ban,https://m.media-amazon.com/images/I/51rWbxJzQIL._AC_UL320_.jpg,"₹9,432",4.2,
4Flaunt,https://m.media-amazon.com/images/I/51XKrrddiCL._AC_UL320_.jpg,₹424,4.3,
Ray-Ban,https://m.media-amazon.com/images/I/51vd61LqKpL._AC_UL320_.jpg,"₹4,942",3.7,
Fastrack,https://m.media-amazon.com/images/I/61vEhqiACoL._AC_UL320_.jpg,₹829,3.8,
Ray-Ban,https://m.media-amazon.com/images/I/51-CBlJFDiL._AC_UL320_.jpg,"₹5,129",3.9,
VINCENT CHASE EYEWEAR,https://m.media-amazon.com/images/I/41cYuo7C62L._AC_UL320_.jpg,₹799,4.0,
Fastrack,https://m.media-amazon.com/images/I/61Z4Ro5fmjL._AC_UL320_.jpg,₹849,3.7,
Ray-Ban,https://m.media-amazon.com/images/I/51EmoU-v2ML._AC_UL320_.jpg,"₹3,432",3.1,
Tommy Hilfiger,https://m.media-amazon.com/images/I/51dE7kEogYL._AC_UL320_.jpg,"₹3,729",4.7,
Karsaer,https://m.media-amazon.com/images/I/61izeELycIL._AC_UL320_.jpg,"₹1,000",3.8,
Eyewearlabs,https://m.media-amazon.com/images/I/518cM16oKzL._AC_UL320_.jpg,"₹1,584",3.9,
ARZONAI,https://m.media-amazon.com/images/I/51OkI2BjDdL._AC_UL320_.jpg,₹198,3.4,
Fastrack,https://m.media-amazon.com/images/I/612rT1Ktk5L._AC_UL320_.jpg,"₹1,428",3.7,
VINCENT CHASE EYEWEAR,https://m.media-amazon.com/images/I/418KfDoWakL._AC_UL320_.jpg,₹659,4.0,
HAZON,https://m.media-amazon.com/images/I/51n1-tDHpFL._AC_UL320_.jpg,₹450,3.8,
iPLAYER,https://m.media-amazon.com/images/I/41oO5-LsOJL._AC_UL320_.jpg,₹499,5.0,
HAZON,https://m.media-amazon.com/images/I/51PhcgtOWNL._AC_UL320_.jpg,₹448,3.9,
AZ Cart,https://m.media-amazon.com/images/I/41OkNEdipzL._AC_UL320_.jpg,₹499,3.0,
Voyage,https://m.media-amazon.com/images/I/616GRwf0bBL._AC_UL320_.jpg,"₹1,080",4.0,
IRUS,https://m.media-amazon.com/images/I/41p-w+ndk8L._AC_UL320_.jpg,₹579,4.0,
Eyewearlabs,https://m.media-amazon.com/images/I/51sbgMetKzL._AC_UL320_.jpg,"₹1,845",3.9,
VINCENT CHASE EYEWEAR,https://m.media-amazon.com/images/I/41oUs7omsaL._AC_UL320_.jpg,₹879,4.2,
ROYAL SON,https://m.media-amazon.com/images/I/61uS+wjzGtL._AC_UL320_.jpg,₹353,3.7,
Fastrack,https://m.media-amazon.com/images/I/51q4y3wrweL._AC_UL320_.jpg,₹839,3.9,
John Jacobs,https://m.media-amazon.com/images/I/51jaOOiB0NL._AC_UL320_.jpg,"₹1,440",4.1,
Fastrack,https://m.media-amazon.com/images/I/61MPZWtp+pL._AC_UL320_.jpg,"₹1,108",4.0,
Fastrack,https://m.media-amazon.com/images/I/61SCyz-DfHL._AC_UL320_.jpg,₹839,3.8,
Dervin,https://m.media-amazon.com/images/I/61y4UCBJc8L._AC_UL320_.jpg,₹349,4.1,
VINCENT CHASE EYEWEAR,https://m.media-amazon.com/images/I/41rbG-QdEFL._AC_UL320_.jpg,₹899,4.2,
Voyage,https://m.media-amazon.com/images/I/51wlLvo9yFL._AC_UL320_.jpg,₹684,3.8,
Eyewearlabs,https://m.media-amazon.com/images/I/51frBwUm0eL._AC_UL320_.jpg,"₹1,234",4.4,
Fastrack,https://m.media-amazon.com/images/I/51rp0Wc2pqL._AC_UL320_.jpg,"₹1,711",3.9,
John Jacobs,https://m.media-amazon.com/images/I/41gArnXvYWL._AC_UL320_.jpg,"₹1,499",4.0,
Royaltail,https://m.media-amazon.com/images/I/61O0TaqmglL._AC_UL320_.jpg,₹829,4.1,
CREATURE,https://m.media-amazon.com/images/I/51TXzIxXeiL._AC_UL320_.jpg,₹349,4.3,
KAEN EYEWEAR,https://m.media-amazon.com/images/I/41RAJqSeLRL._AC_UL320_.jpg,₹501,4.6,
Ray-Ban,https://m.media-amazon.com/images/I/31cOmG3CZ0L._AC_UL320_.jpg,"₹8,974",4.4,
Ray-Ban,https://m.media-amazon.com/images/I/518ieluMYVL._AC_UL320_.jpg,"₹10,295",4.2,
Joox,https://m.media-amazon.com/images/I/51HMB91HXYL._AC_UL320_.jpg,₹699,4.2,
VINCENT CHASE EYEWEAR,https://m.media-amazon.com/images/I/51O30G86c7L._AC_UL320_.jpg,₹999,3.8,
GYNK,https://m.media-amazon.com/images/I/41lN-yhDdkL._AC_UL320_.jpg,₹664,4.0,
Dervin,https://m.media-amazon.com/images/I/51vxSCxDDlL._AC_UL320_.jpg,₹549,4.0,
John Jacobs,https://m.media-amazon.com/images/I/511RXyYUGqL._AC_UL320_.jpg,"₹1,499",3.9,
SUNGAIT,https://m.media-amazon.com/images/I/6166AYb6PwL._AC_UL320_.jpg,"₹1,708",4.0,
VINCENT CHASE EYEWEAR,https://m.media-amazon.com/images/I/51K183qSQeL._AC_UL320_.jpg,₹799,5.0,
IRUS,https://m.media-amazon.com/images/I/41I-vmHz-ML._AC_UL320_.jpg,₹579,4.0,
VINCENT CHASE EYEWEAR,https://m.media-amazon.com/images/I/51qgfj0IyXL._AC_UL320_.jpg,₹899,4.3,
ELEGANTE,https://m.media-amazon.com/images/I/51ZWr24J6nL._AC_UL320_.jpg,₹410,3.7,
VINCENT CHASE EYEWEAR,https://m.media-amazon.com/images/I/41AS4RXa5zL._AC_UL320_.jpg,₹899,4.0,
Voyage,https://m.media-amazon.com/images/I/51xjCWiN+sL._AC_UL320_.jpg,₹628,4.0,
grey jack,https://m.media-amazon.com/images/I/41fZhVTUuAL._AC_UL320_.jpg,₹769,3.8,
GLAMORSTYL,https://m.media-amazon.com/images/I/51XDBK5XaxS._AC_UL320_.jpg,₹399,3.0,
OPTICSFIT,https://m.media-amazon.com/images/I/41wKsj9zqYL._AC_UL320_.jpg,₹749,4.4,
Voyage,https://m.media-amazon.com/images/I/41IwLRMMTOL._AC_UL320_.jpg,₹694,4.2,
Voyage,https://m.media-amazon.com/images/I/51CIsG8w6lL._AC_UL320_.jpg,₹665,4.0,
Voyage,https://m.media-amazon.com/images/I/51X6AolN2qL._AC_UL320_.jpg,₹696,3.6,
grey jack,https://m.media-amazon.com/images/I/41ZpYANhjtL._AC_UL320_.jpg,₹769,3.5,
Voyage,https://m.media-amazon.com/images/I/51wXG6n2mOL._AC_UL320_.jpg,₹749,4.3,
Fastrack,https://m.media-amazon.com/images/I/61TiAMM7NFL._AC_UL320_.jpg,"₹1,430",3.9,
VINCENT CHASE EYEWEAR,https://m.media-amazon.com/images/I/41Ps4Ry77xL._AC_UL320_.jpg,₹849,4.0,
CREATURE,https://m.media-amazon.com/images/I/41nIhT-YyXL._AC_UL320_.jpg,₹359,4.3,
Fastrack,https://m.media-amazon.com/images/I/71woMbk9RYL._AC_UL320_.jpg,"₹1,643",4.1,
VINCENT CHASE EYEWEAR,https://m.media-amazon.com/images/I/41J9fIg+rtL._AC_UL320_.jpg,₹899,4.2,
Ray-Ban,https://m.media-amazon.com/images/I/51w7xuY3C2L._AC_UL320_.jpg,"₹5,869",3.9,
VINCENT CHASE EYEWEAR,https://m.media-amazon.com/images/I/41Eqm7ldZ1L._AC_UL320_.jpg,₹699,4.0,
VINCENT CHASE EYEWEAR,https://m.media-amazon.com/images/I/418cAFaMg9L._AC_UL320_.jpg,₹749,4.0,
ROYAL SON,https://m.media-amazon.com/images/I/71WvSloObLL._AC_UL320_.jpg,₹522,4.1,
ROYAL SON,https://m.media-amazon.com/images/I/61nFWY3TJ-S._AC_UL320_.jpg,₹615,4.1,
Dervin,https://m.media-amazon.com/images/I/51OcpC5sA5L._AC_UL320_.jpg,₹550.,4.0,
CREATURE,https://m.media-amazon.com/images/I/618yc+dv7wL._AC_UL320_.jpg,₹373,3.9,
John Jacobs,https://m.media-amazon.com/images/I/51iA2PG7K+L._AC_UL320_.jpg,"₹1,999",5.0,
VINCENT CHASE EYEWEAR,https://m.media-amazon.com/images/I/41fwln0z-CL._AC_UL320_.jpg,₹649,4.2,
Ray-Ban,https://m.media-amazon.com/images/I/41QDIUkgKTL._AC_UL320_.jpg,"₹3,994",3.8,
ROYAL SON,https://m.media-amazon.com/images/I/714TwhGeyvL._AC_UL320_.jpg,₹561,3.9,
Voyage,https://m.media-amazon.com/images/I/51xdgtgEhaL._AC_UL320_.jpg,₹699,4.2,
MINARELLI,https://m.media-amazon.com/images/I/61YKapM4qQL._AC_UL320_.jpg,₹749,5.0,
Peter Jones,https://m.media-amazon.com/images/I/51YkRJbTqqL._AC_UL320_.jpg,₹630,3.9,
OPTICSFIT,https://m.media-amazon.com/images/I/416C95TxwlL._AC_UL320_.jpg,₹669,1.0,
John Jacobs,https://m.media-amazon.com/images/I/61Y8xMWL4zL._AC_UL320_.jpg,"₹1,699",4.1,
VINCENT CHASE EYEWEAR,https://m.media-amazon.com/images/I/41gFtKAhuzL._AC_UL320_.jpg,₹799,4.0,
Voyage,https://m.media-amazon.com/images/I/51lfKFUuTIL._AC_UL320_.jpg,₹958,3.6,
Fastrack,https://m.media-amazon.com/images/I/31zd8Y9aY2L._AC_UL320_.jpg,"₹1,179",4.0,
VINCENT CHASE EYEWEAR,https://m.media-amazon.com/images/I/51kr+ggzywL._AC_UL320_.jpg,₹899,4.2,
Karsaer,https://m.media-amazon.com/images/I/31fuVYkZF8L._AC_UL320_.jpg,"₹1,183",3.6,
OKNO,https://m.media-amazon.com/images/I/51F02nz6JnL._AC_UL320_.jpg,"₹1,232",3.8,
Ray-Ban,https://m.media-amazon.com/images/I/51NVk0tpupL._AC_UL320_.jpg,"₹9,348",4.3,
VINCENT CHASE EYEWEAR,https://m.media-amazon.com/images/I/41FmADaHfBS._AC_UL320_.jpg,₹899,4.0,
EFERMONE,https://m.media-amazon.com/images/I/61IJliJECYL._AC_UL320_.jpg,₹499,4.0,
VINCENT CHASE EYEWEAR,https://m.media-amazon.com/images/I/417J-sbs4rL._AC_UL320_.jpg,₹999,4.1,
Fastrack,https://m.media-amazon.com/images/I/51GJpAH4ARL._AC_UL320_.jpg,"₹3,319",,
CREATURE,https://m.media-amazon.com/images/I/712Dvez61SL._AC_UL320_.jpg,₹314,3.4,
Voyage,https://m.media-amazon.com/images/I/61TcogTfaoL._AC_UL320_.jpg,₹636,4.0,
VINCENT CHASE EYEWEAR,https://m.media-amazon.com/images/I/41b6klSqcAL._AC_UL320_.jpg,₹899,4.2,
VINCENT CHASE EYEWEAR,https://m.media-amazon.com/images/I/414mCEF51cL._AC_UL320_.jpg,₹899,4.1,
CREEK,https://m.media-amazon.com/images/I/51xuHvGL7SL._AC_UL320_.jpg,₹270,3.6,
ROYAL SON,https://m.media-amazon.com/images/I/71Aa6aqBOQL._AC_UL320_.jpg,₹614,3.8,
CREEK,https://m.media-amazon.com/images/I/51uVgYLtFwL._AC_UL320_.jpg,₹569,4.0,
VINCENT CHASE EYEWEAR,https://m.media-amazon.com/images/I/51WeKpMdMaL._AC_UL320_.jpg,₹837,4.4,
Fastrack,https://m.media-amazon.com/images/I/61V4IxH1PhL._AC_UL320_.jpg,₹909,3.9,
ROYAL SON,https://m.media-amazon.com/images/I/61wFcIclLxL._AC_UL320_.jpg,₹655,3.8,
VINCENT CHASE EYEWEAR,https://m.media-amazon.com/images/I/41-sJAb5jLL._AC_UL320_.jpg,₹749,4.0,
4Flaunt,https://m.media-amazon.com/images/I/518kELMlF1L._AC_UL320_.jpg,₹424,4.4,
VINCENT CHASE EYEWEAR,https://m.media-amazon.com/images/I/51XBFYF0aeL._AC_UL320_.jpg,"₹1,049",4.0,
VINCENT CHASE EYEWEAR,https://m.media-amazon.com/images/I/41oFSL21EqL._AC_UL320_.jpg,₹799,4.3,
J+S,https://m.media-amazon.com/images/I/61ChXeifEeL._AC_UL320_.jpg,"₹1,699",4.3,
Tommy Hilfiger,https://m.media-amazon.com/images/I/512vQ6e68NL._AC_UL320_.jpg,"₹3,729",4.6,
Dervin,https://m.media-amazon.com/images/I/415LCWT5nML._AC_UL320_.jpg,₹434,4.1,
Dervin,https://m.media-amazon.com/images/I/61xM8wDL7bL._AC_UL320_.jpg,₹440,4.7,
4Flaunt,https://m.media-amazon.com/images/I/51yOSX2oiSL._AC_UL320_.jpg,₹424,4.1,
VINCENT CHASE EYEWEAR,https://m.media-amazon.com/images/I/51CtR73gjEL._AC_UL320_.jpg,₹899,4.0,
Voyage,https://m.media-amazon.com/images/I/51Z9BckyX1L._AC_UL320_.jpg,₹886,3.9,
Voyage,https://m.media-amazon.com/images/I/61Z0G4w2Q7L._AC_UL320_.jpg,₹923,4.0,
OPTICSFIT,https://m.media-amazon.com/images/I/51cZL3vkKaL._AC_UL320_.jpg,₹709,4.5,
OPTICSFIT,https://m.media-amazon.com/images/I/41c75NXa50L._AC_UL320_.jpg,₹399,4.1,
Voyage,https://m.media-amazon.com/images/I/51CIsG8w6lL._AC_UL320_.jpg,₹665,4.1,
Voyage,https://m.media-amazon.com/images/I/51xdgtgEhaL._AC_UL320_.jpg,₹699,3.6,
Karsaer,https://m.media-amazon.com/images/I/51Sjx7DGj+L._AC_UL320_.jpg,"₹1,250",,
Voyage,https://m.media-amazon.com/images/I/41IwLRMMTOL._AC_UL320_.jpg,₹650,3.8,
Dervin,https://m.media-amazon.com/images/I/51Z1Tml1OzL._AC_UL320_.jpg,₹432,3.8,
Fastrack,https://m.media-amazon.com/images/I/514D2oHyFOL._AC_UL320_.jpg,"₹1,689",,
VINCENT CHASE EYEWEAR,https://m.media-amazon.com/images/I/51u96P8oRQL._AC_UL320_.jpg,₹899,4.2,
Poshh Eyewear,https://m.media-amazon.com/images/I/51eDUMULwAL._AC_UL320_.jpg,₹759,4.0,
Dervin,https://m.media-amazon.com/images/I/71rJnI5WU4L._AC_UL320_.jpg,₹432,4.2,
VINCENT CHASE EYEWEAR,https://m.media-amazon.com/images/I/419LT2LxNZL._AC_UL320_.jpg,₹999,4.0,
HUVORA,https://m.media-amazon.com/images/I/31H6uDsDUzL._AC_UL320_.jpg,₹699,5.0,
Liza Angel,https://m.media-amazon.com/images/I/61Y9Mbm+1dL._AC_UL320_.jpg,₹309,4.1,
Eyewearlabs,https://m.media-amazon.com/images/I/51yXWwAs0-L._AC_UL320_.jpg,"₹1,699",3.8,
Dervin,https://m.media-amazon.com/images/I/61fIZxHbhrL._AC_UL320_.jpg,₹489,5.0,
Peter Jones,https://m.media-amazon.com/images/I/51UkzfCQieL._AC_UL320_.jpg,₹623,4.8,
CREEK,https://m.media-amazon.com/images/I/511udsxNP8L._AC_UL320_.jpg,₹299,3.4,
Dervin,https://m.media-amazon.com/images/I/41w9y1HS7GL._AC_UL320_.jpg,₹349,3.8,
Fastrack,https://m.media-amazon.com/images/I/61q2vkAWuJL._AC_UL320_.jpg,"₹1,712",3.9,
FILA,https://m.media-amazon.com/images/I/412M57Ho7+L._AC_UL320_.jpg,"₹2,409",5.0,
John Jacobs,https://m.media-amazon.com/images/I/51-AIPKktiL._AC_UL320_.jpg,"₹1,859",3.8,
VINCENT CHASE EYEWEAR,https://m.media-amazon.com/images/I/41DjZNun3nL._AC_UL320_.jpg,₹891,4.1,
Voyage,https://m.media-amazon.com/images/I/51+Ntju4q3L._AC_UL320_.jpg,₹665,4.4,
mashamart,https://m.media-amazon.com/images/I/512-zums5FL._AC_UL320_.jpg,₹417,3.4,
Voyage,https://m.media-amazon.com/images/I/51KtSCcattL._AC_UL320_.jpg,₹643,,
VINCENT CHASE EYEWEAR,https://m.media-amazon.com/images/I/41yot0ULeJL._AC_UL320_.jpg,₹789,3.9,
DSC,https://m.media-amazon.com/images/I/51YaEreNnDL._AC_UL320_.jpg,"₹1,628",4.1,
Eyewearlabs,https://m.media-amazon.com/images/I/518cM16oKzL._AC_UL320_.jpg,"₹1,584",3.8,
VINCENT CHASE EYEWEAR,https://m.media-amazon.com/images/I/416f6RYJAcL._AC_UL320_.jpg,₹849,4.1,
ELEGANTE,https://m.media-amazon.com/images/I/31Is57fdCSL._AC_UL320_.jpg,₹379,3.8,
ARZONAI,https://m.media-amazon.com/images/I/51bhCCbSiYL._AC_UL320_.jpg,₹284,3.3,
Tommy Hilfiger,https://m.media-amazon.com/images/I/51ODHerIxZL._AC_UL320_.jpg,"₹3,684",4.2,
GUESS,https://m.media-amazon.com/images/I/51WVzHJ6LJL._AC_UL320_.jpg,"₹3,679",1.0,
ROYAL SON,https://m.media-amazon.com/images/I/71y4knn2IaL._AC_UL320_.jpg,"₹1,141",3.8,
CREATURE,https://m.media-amazon.com/images/I/71zYMN6OyoL._AC_UL320_.jpg,₹399,3.8,
MINARELLI,https://m.media-amazon.com/images/I/51DJRnCwakL._AC_UL320_.jpg,₹699,2.6,
Fastrack,https://m.media-amazon.com/images/I/41t-hmdV4rL._AC_UL320_.jpg,"₹1,689",,
VINCENT CHASE EYEWEAR,https://m.media-amazon.com/images/I/41Lfrp2EtoL._AC_UL320_.jpg,₹749,3.9,
FEISEDY,https://m.media-amazon.com/images/I/51977BTcl8S._AC_UL320_.jpg,"₹1,150",4.2,
Dervin,https://m.media-amazon.com/images/I/518HY4+Ls8L._AC_UL320_.jpg,₹435,3.6,
Karsaer,https://m.media-amazon.com/images/I/514ZmOlsh5L._AC_UL320_.jpg,"₹1,047",3.6,
SUNGAIT,https://m.media-amazon.com/images/I/51u9BEzQ5gL._AC_UL320_.jpg,"₹1,708",3.9,
Voyage,https://m.media-amazon.com/images/I/41IwLRMMTOL._AC_UL320_.jpg,₹694,4.2,
ELEGANTE,https://m.media-amazon.com/images/I/51c+ksIBueL._AC_UL320_.jpg,₹599,3.8,
Dervin,https://m.media-amazon.com/images/I/51KJDGXGq2L._AC_UL320_.jpg,₹399,3.5,
Indusoire,https://m.media-amazon.com/images/I/51sgxcVLmOL._AC_UL320_.jpg,₹559,,
NHCDFA,https://m.media-amazon.com/images/I/51nm0o7e55L._AC_UL320_.jpg,₹429,3.3,
Karsaer,https://m.media-amazon.com/images/I/31tL4KP0leL._AC_UL320_.jpg,₹990,3.7,
FEISEDY,https://m.media-amazon.com/images/I/51zqXr1fRsL._AC_UL320_.jpg,₹910,4.4,
Dervin,https://m.media-amazon.com/images/I/514vEIt0qCL._AC_UL320_.jpg,₹429,3.3,
CREEK,https://m.media-amazon.com/images/I/71mVrYcl-GL._AC_UL320_.jpg,₹699,3.5,
Dervin,https://m.media-amazon.com/images/I/51cZdgap6dL._AC_UL320_.jpg,₹575,3.6,
ROYAL SON,https://m.media-amazon.com/images/I/61yp-saqYKL._AC_UL320_.jpg,₹616,4.0,
Karsaer,https://m.media-amazon.com/images/I/51e6go09ZsL._AC_UL320_.jpg,"₹1,091",,
OKNO,https://m.media-amazon.com/images/I/51+yGRzPTAL._AC_UL320_.jpg,"₹1,924.",3.8,
IDEE,https://m.media-amazon.com/images/I/51cb7VA6weL._AC_UL320_.jpg,"₹1,819",,
Eyewearlabs,https://m.media-amazon.com/images/I/51+00yVlomL._AC_UL320_.jpg,"₹1,234",3.8,
OPTICSFIT,https://m.media-amazon.com/images/I/413y4VHzZzL._AC_UL320_.jpg,₹729,5.0,
Anemxer,https://m.media-amazon.com/images/I/61CRB-Eb0PL._AC_UL320_.jpg,₹649,3.6,
CREATURE,https://m.media-amazon.com/images/I/41STApZizVL._AC_UL320_.jpg,₹347,4.3,
Voyage,https://m.media-amazon.com/images/I/51fNP30HB0L._AC_UL320_.jpg,₹680,4.1,
VINCENT CHASE EYEWEAR,https://m.media-amazon.com/images/I/41DjZNun3nL._AC_UL320_.jpg,₹891,4.1,
John Jacobs,https://m.media-amazon.com/images/I/511RXyYUGqL._AC_UL320_.jpg,"₹1,499",3.9,
Karsaer,https://m.media-amazon.com/images/I/51q6GSICZWL._AC_UL320_.jpg,"₹1,250",,
Karsaer,https://m.media-amazon.com/images/I/61Q-WPSh-OL._AC_UL320_.jpg,"₹1,487",5.0,
Generic,https://m.media-amazon.com/images/I/71LmXXp+5YL._AC_UL320_.jpg,₹299,5.0,
Eyewearlabs,https://m.media-amazon.com/images/I/51+00yVlomL._AC_UL320_.jpg,"₹1,234",3.8,
Poshh Eyewear,https://m.media-amazon.com/images/I/51eDUMULwAL._AC_UL320_.jpg,₹799,2.4,
VINCENT CHASE EYEWEAR,https://m.media-amazon.com/images/I/518xVy+1rCL._AC_UL320_.jpg,₹949,,
IDEE,https://m.media-amazon.com/images/I/51gGhI0uzwL._AC_UL320_.jpg,"₹1,689",,
IRUS,https://m.media-amazon.com/images/I/41hb46sNJwL._AC_UL320_.jpg,₹579,3.5,
GUESS,https://m.media-amazon.com/images/I/51hZ86EVvDL._AC_UL320_.jpg,"₹3,348.",,
Hooper,https://m.media-amazon.com/images/I/51njnV3Vd4L._AC_UL320_.jpg,₹589,3.9,
VINCENT CHASE EYEWEAR,https://m.media-amazon.com/images/I/51cPGPBC-DL._AC_UL320_.jpg,₹943.,1.0,
John Jacobs,https://m.media-amazon.com/images/I/51N+S7wuOLL._AC_UL320_.jpg,"₹1,799",4.0,
AISLIN,https://m.media-amazon.com/images/I/41RCZF+fqUL._AC_UL320_.jpg,₹787,4.1,
Dervin,https://m.media-amazon.com/images/I/41w9y1HS7GL._AC_UL320_.jpg,₹349,3.8,
Karsaer,https://m.media-amazon.com/images/I/51e6go09ZsL._AC_UL320_.jpg,"₹1,091",,
VINCENT CHASE EYEWEAR,https://m.media-amazon.com/images/I/41F6fvU0DmL._AC_UL320_.jpg,₹899,4.3,
Karsaer,https://m.media-amazon.com/images/I/514ZmOlsh5L._AC_UL320_.jpg,"₹1,047",3.6,
Dervin,https://m.media-amazon.com/images/I/51Svnidu+uL._AC_UL320_.jpg,₹379,3.4,
Peter Jones,https://m.media-amazon.com/images/I/51+KquYJZaL._AC_UL320_.jpg,₹799,5.0,
OPTICSFIT,https://m.media-amazon.com/images/I/41V3FJBUFfL._AC_UL320_.jpg,₹709,4.5,
Without,https://m.media-amazon.com/images/I/51iJWR8q8rL._AC_UL320_.jpg,"₹1,499",4.8,
FEISEDY,https://m.media-amazon.com/images/I/61KFYpYjVPL._AC_UL320_.jpg,"₹1,273",4.1,
VINCENT CHASE EYEWEAR,https://m.media-amazon.com/images/I/41gFtKAhuzL._AC_UL320_.jpg,₹799,4.0,
IDEE,https://m.media-amazon.com/images/I/51-1ldXNZgL._AC_UL320_.jpg,"₹1,527",4.5,
Intellilens,https://m.media-amazon.com/images/I/41h8TmQC5wL._AC_UL320_.jpg,₹499,3.6,
John Jacobs,https://m.media-amazon.com/images/I/51DjgYX6WWL._AC_UL320_.jpg,"₹1,799",3.9,
Royaltail,https://m.media-amazon.com/images/I/61kZ9qX150L._AC_UL320_.jpg,₹889,3.8,
VINCENT CHASE EYEWEAR,https://m.media-amazon.com/images/I/418yDLKGcPL._AC_UL320_.jpg,₹879,4.3,
VINCENT CHASE EYEWEAR,https://m.media-amazon.com/images/I/51cWNYYeXGL._AC_UL320_.jpg,₹799,4.1,
HASHTAG EYEWEAR,https://m.media-amazon.com/images/I/51ckjcLreVL._AC_UL320_.jpg,"₹1,259",3.4,
Nautica,https://m.media-amazon.com/images/I/51d2xUMNI5L._AC_UL320_.jpg,"₹1,398.",3.9,
Eyewearlabs,https://m.media-amazon.com/images/I/51eQF1B34RL._AC_UL320_.jpg,"₹1,709",3.7,
Ray-Ban,https://m.media-amazon.com/images/I/41dQuain8PL._AC_UL320_.jpg,"₹3,909",3.7,
Dervin,https://m.media-amazon.com/images/I/41CqVUukSkL._AC_UL320_.jpg,₹349,3.9,
Fastrack,https://m.media-amazon.com/images/I/61VgsyxZDPL._AC_UL320_.jpg,"₹1,579",3.9,
Voyage,https://m.media-amazon.com/images/I/51pO39NaHlL._AC_UL320_.jpg,₹735,4.0,
Karsaer,https://m.media-amazon.com/images/I/413WR-TpZ5L._AC_UL320_.jpg,"₹1,229",3.9,
ROCF ROSSINI,https://m.media-amazon.com/images/I/71ptZwxCZ4L._AC_UL320_.jpg,₹898,4.3,
VINCENT CHASE EYEWEAR,https://m.media-amazon.com/images/I/51D6R4SQxyL._AC_UL320_.jpg,₹899,4.5,
VINCENT CHASE EYEWEAR,https://m.media-amazon.com/images/I/411c4YadLbL._AC_UL320_.jpg,₹849,3.9,
CartHome,https://m.media-amazon.com/images/I/51yIxsCu26L._AC_UL320_.jpg,₹259,5.0,
GODSDWARES,https://m.media-amazon.com/images/I/61zS57m8dVL._AC_UL320_.jpg,₹499,,
VINCENT CHASE EYEWEAR,https://m.media-amazon.com/images/I/51zYEVe8+mL._AC_UL320_.jpg,₹739.,,
ROYAL SON,https://m.media-amazon.com/images/I/61zNSM7BO0L._AC_UL320_.jpg,"₹1,040",3.8,
Fastrack,https://m.media-amazon.com/images/I/51qut4i2EwL._AC_UL320_.jpg,"₹2,200",3.9,
Eyewearlabs,https://m.media-amazon.com/images/I/51DMbFHnsYL._AC_UL320_.jpg,"₹2,099",4.0,
VINCENT CHASE EYEWEAR,https://m.media-amazon.com/images/I/51xCTiXGo1L._AC_UL320_.jpg,₹799,,
Electomania,https://m.media-amazon.com/images/I/41+TRU+HIiL._AC_UL320_.jpg,₹279,4.0,
OKNO,https://m.media-amazon.com/images/I/517Ws2Puc8L._AC_UL320_.jpg,₹999,3.6,
Dervin,https://m.media-amazon.com/images/I/51R38402BtL._AC_UL320_.jpg,₹379,3.3,
Dervin,https://m.media-amazon.com/images/I/61oXWLdc6LL._AC_UL320_.jpg,₹349,3.5,
Ray-Ban,https://m.media-amazon.com/images/I/512VObpSYkL._AC_UL320_.jpg,"₹4,259",3.6,
Karsaer,https://m.media-amazon.com/images/I/51MvYcuhjDL._AC_UL320_.jpg,"₹1,182",4.2,
VINCENT CHASE EYEWEAR,https://m.media-amazon.com/images/I/41WFvmeuFEL._AC_UL320_.jpg,₹899,3.9,
NSSIW,https://m.media-amazon.com/images/I/51EPeD7MtML._AC_UL320_.jpg,₹999,2.0,
Louis Kouros,https://m.media-amazon.com/images/I/61VYjv19z-L._AC_UL320_.jpg,"₹1,499",4.2,
THE MEN THING,https://m.media-amazon.com/images/I/31bAUZsPBgL._AC_UL320_.jpg,"₹1,499",,
OPTICSFIT,https://m.media-amazon.com/images/I/41BpDapqkeL._AC_UL320_.jpg,₹749,4.4,
VINCENT CHASE EYEWEAR,https://m.media-amazon.com/images/I/41DjZNun3nL._AC_UL320_.jpg,₹891,4.1,
John Jacobs,https://m.media-amazon.com/images/I/511RXyYUGqL._AC_UL320_.jpg,"₹1,499",3.9,
Karsaer,https://m.media-amazon.com/images/I/61wWs2hZNwL._AC_UL320_.jpg,"₹1,599",5.0,
Without,https://m.media-amazon.com/images/I/51imYn62tJL._AC_UL320_.jpg,"₹1,499",4.8,
CREATURE,https://m.media-amazon.com/images/I/71zYMN6OyoL._AC_UL320_.jpg,₹399,3.8,
John Jacobs,https://m.media-amazon.com/images/I/51-AIPKktiL._AC_UL320_.jpg,"₹1,859",3.8,
SUNGAIT,https://m.media-amazon.com/images/I/51u9BEzQ5gL._AC_UL320_.jpg,"₹1,708",3.9,
VINCENT CHASE EYEWEAR,https://m.media-amazon.com/images/I/41Lfrp2EtoL._AC_UL320_.jpg,₹749,3.9,
4Flaunt,https://m.media-amazon.com/images/I/51yOSX2oiSL._AC_UL320_.jpg,₹424,4.1,
VINCENT CHASE EYEWEAR,https://m.media-amazon.com/images/I/51WeKpMdMaL._AC_UL320_.jpg,₹837,4.4,
Silver Kartz,https://m.media-amazon.com/images/I/61L5Qm8jJWL._AC_UL320_.jpg,₹349,3.4,
VINCENT CHASE EYEWEAR,https://m.media-amazon.com/images/I/51K183qSQeL._AC_UL320_.jpg,₹799,5.0,
Dervin,https://m.media-amazon.com/images/I/5133qEF+xgL._AC_UL320_.jpg,₹349,4.3,
Liza Angel,https://m.media-amazon.com/images/I/61Y9Mbm+1dL._AC_UL320_.jpg,₹309,4.1,
CREATURE,https://m.media-amazon.com/images/I/71FrVGy0J+L._AC_UL320_.jpg,₹389,3.4,
FEISEDY,https://m.media-amazon.com/images/I/51977BTcl8S._AC_UL320_.jpg,"₹1,150",4.2,
Fastrack,https://m.media-amazon.com/images/I/51Tmwa-S2gL._AC_UL320_.jpg,"₹1,009",3.8,
Indusoire,https://m.media-amazon.com/images/I/51sgxcVLmOL._AC_UL320_.jpg,₹559,,
Dervin,https://m.media-amazon.com/images/I/415LCWT5nML._AC_UL320_.jpg,₹434,4.1,
Ray-Ban,https://m.media-amazon.com/images/I/51Ev9NYVO9L._AC_UL320_.jpg,"₹9,889",4.0,
FEISEDY,https://m.media-amazon.com/images/I/714XW7fA70L._AC_UL320_.jpg,"₹1,273",4.1,
OKNO,https://m.media-amazon.com/images/I/517Ws2Puc8L._AC_UL320_.jpg,₹999,3.6,
Eyewearlabs,https://m.media-amazon.com/images/I/51J+AZ2ZE0L._AC_UL320_.jpg,"₹2,499",4.1,
Karsaer,https://m.media-amazon.com/images/I/51gw8PH8rzL._AC_UL320_.jpg,₹950,3.5,
Karsaer,https://m.media-amazon.com/images/I/31tL4KP0leL._AC_UL320_.jpg,₹990,3.7,
Dervin,https://m.media-amazon.com/images/I/414QzYr4faL._AC_UL320_.jpg,₹349,3.5,
Anemxer,https://m.media-amazon.com/images/I/61eefAHbdGL._AC_UL320_.jpg,₹449,3.7,
Louis Kouros,https://m.media-amazon.com/images/I/61H6211k7jL._AC_UL320_.jpg,"₹1,499",4.2,
NSSIW,https://m.media-amazon.com/images/I/51VQ7s9M0tL._AC_UL320_.jpg,₹999,2.0,
grey jack,https://m.media-amazon.com/images/I/41i9FaYKCaL._AC_UL320_.jpg,"₹1,039",3.7,
